path,id
favicon.ico,oK-nw8Q0CECiXNWtQi84tEwsTwdSfZfSzyQidIlZ_AQ
assets/index-D6hfMaVG.css,tZFH5SAi6uKgVRmR8uC7gF7XUg4ynJvFr5rzU7VlqZ8
index.html,OJr70y3I-3b8xJ193kz3xwC3FAIQ0ddTQ_7W_LhdPQI
assets/index-BTCpGy6e.js,BviH6BnQKG12586DmK15d_MfpwjilqCknRBRQpif_QU
Brutal/.DS_Store,l1PPRA4A47yUsmKshNJplJlu5RIW_IY8Rq67id4zzrw
Brutal/css/font-styles/font-style-1.css,1tiQ_z6MsQTYO6eUgJp4fvfZ-7yhTap9IkxvZ--p21Y
Brutal/css/font-styles/font-style-4.css,lhTtd2iRM6F4WfdryXwjpgylf2e2SHRsaxQSo4fv3tw
Brutal/css/font-styles/font-style-3.css,Eoe5tmF_BIjI7DMVXbYxw6Ha6gnK-fv6YjzmP6opPo0
Brutal/css/font-styles/font-style-5.css,oODPigNlZcUYeZBJK4Lh2tZHw9zaxV8s3JxC4K9iUJs
Brutal/css/font-styles/font-style-2.css,vB_Lo-jDxcrk8rlI3_bcJZ3DuL3YL8yFKwpf460PjGY
